{
  "model_type": "Baseline CNN-LSTM",
  "overall_metrics": {
    "validation": {
      "mae": 0.06342422217130661,
      "rmse": 0.09724758471134944,
      "r2": 0.8288151025772095,
      "mape": 216.97193908691406,
      "correlation": 0.9130537509918213,
      "overprediction_rate": 47.428995319291204,
      "samples": 19142400
    },
    "test": {
      "mae": 0.06630592793226242,
      "rmse": 0.10212610285039754,
      "r2": 0.8180502653121948,
      "mape": 204.39096069335938,
      "correlation": 0.9097659587860107,
      "overprediction_rate": 45.6752288114343,
      "samples": 19142400
    }
  },
  "day_specific_metrics": {
    "validation": {
      "Monday": {
        "mae": 0.07482080161571503,
        "rmse": 0.11483975909558353,
        "r2": 0.804619550704956,
        "correlation": 0.9041571021080017,
        "samples": 133
      },
      "Tuesday": {
        "mae": 0.06474112719297409,
        "rmse": 0.09758252221760433,
        "r2": 0.8437398076057434,
        "correlation": 0.919452428817749,
        "samples": 144
      },
      "Wednesday": {
        "mae": 0.06828693300485611,
        "rmse": 0.10722896854640376,
        "r2": 0.8167155385017395,
        "correlation": 0.9051230549812317,
        "samples": 144
      },
      "Thursday": {
        "mae": 0.06402856111526489,
        "rmse": 0.09581000335200142,
        "r2": 0.8478830456733704,
        "correlation": 0.9216704368591309,
        "samples": 144
      },
      "Friday": {
        "mae": 0.06605120748281479,
        "rmse": 0.09888127635405473,
        "r2": 0.8436961770057678,
        "correlation": 0.9218721389770508,
        "samples": 144
      },
      "Saturday": {
        "mae": 0.05713826045393944,
        "rmse": 0.08703595090528742,
        "r2": 0.7597723007202148,
        "correlation": 0.8840009570121765,
        "samples": 144
      },
      "Sunday": {
        "mae": 0.049772921949625015,
        "rmse": 0.07578778631985812,
        "r2": 0.7186751365661621,
        "correlation": 0.8516243696212769,
        "samples": 144
      }
    },
    "test": {
      "Monday": {
        "mae": 0.07482267916202545,
        "rmse": 0.11190257437895254,
        "r2": 0.7966636419296265,
        "correlation": 0.8955843448638916,
        "samples": 133
      },
      "Tuesday": {
        "mae": 0.06640131771564484,
        "rmse": 0.09975029289858703,
        "r2": 0.8455845713615417,
        "correlation": 0.9232948422431946,
        "samples": 144
      },
      "Wednesday": {
        "mae": 0.0680866688489914,
        "rmse": 0.10213290109151277,
        "r2": 0.841083288192749,
        "correlation": 0.9217892289161682,
        "samples": 144
      },
      "Thursday": {
        "mae": 0.06846831738948822,
        "rmse": 0.10292155362153309,
        "r2": 0.8356051445007324,
        "correlation": 0.9191593527793884,
        "samples": 144
      },
      "Friday": {
        "mae": 0.07114369422197342,
        "rmse": 0.10732123689266572,
        "r2": 0.8299816250801086,
        "correlation": 0.9204282164573669,
        "samples": 144
      },
      "Saturday": {
        "mae": 0.059264905750751495,
        "rmse": 0.09137818545511076,
        "r2": 0.7485291957855225,
        "correlation": 0.879246711730957,
        "samples": 144
      },
      "Sunday": {
        "mae": 0.0566052570939064,
        "rmse": 0.09901493476162371,
        "r2": 0.6105080246925354,
        "correlation": 0.7873482704162598,
        "samples": 144
      }
    }
  },
  "horizon_metrics": {
    "validation": [
      {
        "horizon": 1,
        "mae": 0.06517500430345535,
        "rmse": 0.10109725173710672,
        "r2": 0.8153451681137085
      },
      {
        "horizon": 2,
        "mae": 0.06365948915481567,
        "rmse": 0.09886661993592549,
        "r2": 0.8233171105384827
      },
      {
        "horizon": 3,
        "mae": 0.06259222328662872,
        "rmse": 0.09752368989951676,
        "r2": 0.8280114531517029
      },
      {
        "horizon": 4,
        "mae": 0.062087394297122955,
        "rmse": 0.09679668745156654,
        "r2": 0.8305058479309082
      },
      {
        "horizon": 5,
        "mae": 0.061401672661304474,
        "rmse": 0.09508337089466509,
        "r2": 0.8364002108573914
      },
      {
        "horizon": 6,
        "mae": 0.061200276017189026,
        "rmse": 0.09444187092527706,
        "r2": 0.8385433554649353
      },
      {
        "horizon": 7,
        "mae": 0.061751559376716614,
        "rmse": 0.09539448346794079,
        "r2": 0.835224986076355
      },
      {
        "horizon": 8,
        "mae": 0.06253259629011154,
        "rmse": 0.09645226249204132,
        "r2": 0.8315024375915527
      },
      {
        "horizon": 9,
        "mae": 0.0627894476056099,
        "rmse": 0.09526064822483579,
        "r2": 0.8356045484542847
      },
      {
        "horizon": 10,
        "mae": 0.0641215518116951,
        "rmse": 0.09668313607895164,
        "r2": 0.8306285738945007
      },
      {
        "horizon": 11,
        "mae": 0.06572041660547256,
        "rmse": 0.09793160243039419,
        "r2": 0.8261944055557251
      },
      {
        "horizon": 12,
        "mae": 0.06805868446826935,
        "rmse": 0.10115993937486689,
        "r2": 0.8145221471786499
      }
    ],
    "test": [
      {
        "horizon": 1,
        "mae": 0.06822481751441956,
        "rmse": 0.10607961955234849,
        "r2": 0.8040099143981934
      },
      {
        "horizon": 2,
        "mae": 0.06676904857158661,
        "rmse": 0.10397265416930813,
        "r2": 0.8116492629051208
      },
      {
        "horizon": 3,
        "mae": 0.06573876738548279,
        "rmse": 0.10261766962897251,
        "r2": 0.816469669342041
      },
      {
        "horizon": 4,
        "mae": 0.0652814656496048,
        "rmse": 0.1020042276745149,
        "r2": 0.8185988664627075
      },
      {
        "horizon": 5,
        "mae": 0.06441369652748108,
        "rmse": 0.10011817442712284,
        "r2": 0.8251901268959045
      },
      {
        "horizon": 6,
        "mae": 0.06429120898246765,
        "rmse": 0.09951125716681677,
        "r2": 0.8272539377212524
      },
      {
        "horizon": 7,
        "mae": 0.06465961039066315,
        "rmse": 0.10032046571637727,
        "r2": 0.8243820667266846
      },
      {
        "horizon": 8,
        "mae": 0.06537604331970215,
        "rmse": 0.10125510297825743,
        "r2": 0.8210490345954895
      },
      {
        "horizon": 9,
        "mae": 0.06556075811386108,
        "rmse": 0.10013118740524136,
        "r2": 0.8249591588973999
      },
      {
        "horizon": 10,
        "mae": 0.06673776358366013,
        "rmse": 0.10131672317838299,
        "r2": 0.8207569122314453
      },
      {
        "horizon": 11,
        "mae": 0.0681728944182396,
        "rmse": 0.10243593206770896,
        "r2": 0.8167405724525452
      },
      {
        "horizon": 12,
        "mae": 0.07044631987810135,
        "rmse": 0.10550410949524748,
        "r2": 0.805566132068634
      }
    ]
  },
  "model_info": {
    "data_path": "C:\\Users\\Fan\\PycharmProjects\\Msc_thesis_final\\processed_data\\preprocessed_milan_traffic_center_1600_7day_splits_optimized.pkl",
    "model_path": "C:\\Users\\Fan\\PycharmProjects\\Msc_Thesis\\baseline_model\\baseline_outputs\\baseline_simple_cnn_lstm_20250831_162807\\models\\best_baseline.pth",
    "evaluation_date": "2025-09-03T20:47:44.193339"
  }
}