{
  "model_type": "Proposed CNN-LSTM",
  "overall_metrics": {
    "validation": {
      "mae": 0.0536460280418396,
      "rmse": 0.08457970589059355,
      "r2": 0.8705087900161743,
      "mape": 110.30351257324219,
      "correlation": 0.934319257736206,
      "overprediction_rate": 41.53490680374456,
      "samples": 19142400
    },
    "test": {
      "mae": 0.056651223450899124,
      "rmse": 0.08856703824817304,
      "r2": 0.8631571531295776,
      "mape": 107.11402893066406,
      "correlation": 0.9317929148674011,
      "overprediction_rate": 40.264595870946174,
      "samples": 19142400
    }
  },
  "day_specific_metrics": {
    "validation": {
      "Monday": {
        "mae": 0.06521491706371307,
        "rmse": 0.1032830991593885,
        "r2": 0.8419643640518188,
        "correlation": 0.9231442213058472,
        "samples": 133
      },
      "Tuesday": {
        "mae": 0.05412522330880165,
        "rmse": 0.08408554216026308,
        "r2": 0.8839762210845947,
        "correlation": 0.9403564929962158,
        "samples": 144
      },
      "Wednesday": {
        "mae": 0.058005258440971375,
        "rmse": 0.09419582082404494,
        "r2": 0.8585624694824219,
        "correlation": 0.9275815486907959,
        "samples": 144
      },
      "Thursday": {
        "mae": 0.05373169481754303,
        "rmse": 0.08183339929855214,
        "r2": 0.8890270590782166,
        "correlation": 0.9431518912315369,
        "samples": 144
      },
      "Friday": {
        "mae": 0.054913606494665146,
        "rmse": 0.08341846426618128,
        "r2": 0.8887587785720825,
        "correlation": 0.9438300132751465,
        "samples": 144
      },
      "Saturday": {
        "mae": 0.04831233248114586,
        "rmse": 0.0735404046909905,
        "r2": 0.8284946084022522,
        "correlation": 0.9149808883666992,
        "samples": 144
      },
      "Sunday": {
        "mae": 0.04210290685296059,
        "rmse": 0.06833934831180748,
        "r2": 0.7712551355361938,
        "correlation": 0.8806040287017822,
        "samples": 144
      }
    },
    "test": {
      "Monday": {
        "mae": 0.06646666675806046,
        "rmse": 0.10104343848624917,
        "r2": 0.8342127799987793,
        "correlation": 0.9138772487640381,
        "samples": 133
      },
      "Tuesday": {
        "mae": 0.055302489548921585,
        "rmse": 0.08453470773464661,
        "r2": 0.8890997767448425,
        "correlation": 0.9442479610443115,
        "samples": 144
      },
      "Wednesday": {
        "mae": 0.05761454999446869,
        "rmse": 0.08790381385605593,
        "r2": 0.8822790384292603,
        "correlation": 0.9422932863235474,
        "samples": 144
      },
      "Thursday": {
        "mae": 0.05816422030329704,
        "rmse": 0.0887950982099465,
        "r2": 0.8776360154151917,
        "correlation": 0.9395378232002258,
        "samples": 144
      },
      "Friday": {
        "mae": 0.059966765344142914,
        "rmse": 0.09146832962284902,
        "r2": 0.8765003085136414,
        "correlation": 0.9409499168395996,
        "samples": 144
      },
      "Saturday": {
        "mae": 0.05110064521431923,
        "rmse": 0.07813447656376561,
        "r2": 0.8161396980285645,
        "correlation": 0.910396933555603,
        "samples": 144
      },
      "Sunday": {
        "mae": 0.04869363456964493,
        "rmse": 0.0874676593550339,
        "r2": 0.6960570216178894,
        "correlation": 0.8437207341194153,
        "samples": 144
      }
    }
  },
  "horizon_metrics": {
    "validation": [
      {
        "horizon": 1,
        "mae": 0.05351348966360092,
        "rmse": 0.08437158900006557,
        "r2": 0.8713901042938232
      },
      {
        "horizon": 2,
        "mae": 0.05334801226854324,
        "rmse": 0.08397298003673438,
        "r2": 0.8725398778915405
      },
      {
        "horizon": 3,
        "mae": 0.05337154120206833,
        "rmse": 0.0840221946416894,
        "r2": 0.8723363280296326
      },
      {
        "horizon": 4,
        "mae": 0.05332425981760025,
        "rmse": 0.0839598032025594,
        "r2": 0.8724805116653442
      },
      {
        "horizon": 5,
        "mae": 0.05347953364253044,
        "rmse": 0.08447289604638082,
        "r2": 0.8708755970001221
      },
      {
        "horizon": 6,
        "mae": 0.053439415991306305,
        "rmse": 0.08422154660350026,
        "r2": 0.8715975880622864
      },
      {
        "horizon": 7,
        "mae": 0.05355523154139519,
        "rmse": 0.0843851512745169,
        "r2": 0.871063232421875
      },
      {
        "horizon": 8,
        "mae": 0.053766682744026184,
        "rmse": 0.08481129808986858,
        "r2": 0.869720458984375
      },
      {
        "horizon": 9,
        "mae": 0.05383273959159851,
        "rmse": 0.08487825645652045,
        "r2": 0.8694864511489868
      },
      {
        "horizon": 10,
        "mae": 0.05384284630417824,
        "rmse": 0.08501776077561819,
        "r2": 0.8690341711044312
      },
      {
        "horizon": 11,
        "mae": 0.054058536887168884,
        "rmse": 0.0853204492605074,
        "r2": 0.8680758476257324
      },
      {
        "horizon": 12,
        "mae": 0.054220132529735565,
        "rmse": 0.08550410279199072,
        "r2": 0.8674899339675903
      }
    ],
    "test": [
      {
        "horizon": 1,
        "mae": 0.05644671246409416,
        "rmse": 0.08839313645425376,
        "r2": 0.8639159202575684
      },
      {
        "horizon": 2,
        "mae": 0.056292396038770676,
        "rmse": 0.08797700399005677,
        "r2": 0.8651449084281921
      },
      {
        "horizon": 3,
        "mae": 0.056330565363168716,
        "rmse": 0.08803300186789964,
        "r2": 0.8649313449859619
      },
      {
        "horizon": 4,
        "mae": 0.05629292502999306,
        "rmse": 0.08792595682995613,
        "r2": 0.8652161359786987
      },
      {
        "horizon": 5,
        "mae": 0.056457553058862686,
        "rmse": 0.0884043198607751,
        "r2": 0.8637027740478516
      },
      {
        "horizon": 6,
        "mae": 0.056452248245477676,
        "rmse": 0.08818766150486795,
        "r2": 0.8643313646316528
      },
      {
        "horizon": 7,
        "mae": 0.0565214529633522,
        "rmse": 0.0882610172320667,
        "r2": 0.8640661835670471
      },
      {
        "horizon": 8,
        "mae": 0.056719787418842316,
        "rmse": 0.0886410676483501,
        "r2": 0.8628581166267395
      },
      {
        "horizon": 9,
        "mae": 0.0568498820066452,
        "rmse": 0.08889846984764803,
        "r2": 0.8620285987854004
      },
      {
        "horizon": 10,
        "mae": 0.05693754181265831,
        "rmse": 0.08907437538146919,
        "r2": 0.8614566326141357
      },
      {
        "horizon": 11,
        "mae": 0.05717425048351288,
        "rmse": 0.08940936896594896,
        "r2": 0.8603864312171936
      },
      {
        "horizon": 12,
        "mae": 0.05734037235379219,
        "rmse": 0.08957995165312042,
        "r2": 0.8598300814628601
      }
    ]
  },
  "model_info": {
    "data_path": "C:\\Users\\Fan\\PycharmProjects\\Msc_Thesis\\processed_data\\preprocessed_milan_traffic_center_1600_7day_splits_optimized.pkl",
    "model_path": "C:\\Users\\Fan\\PycharmProjects\\Msc_Thesis\\proposed\\outputs\\complex_center_1600_20250902_141604\\models\\best_model.pth",
    "evaluation_date": "2025-09-03T20:50:56.856042"
  }
}